https://youtu.be/Y-lGRdYjZ1E,Y-lGRdYjZ1E,Holding Hands,死夢VANITY,ukn
https://youtu.be/MZcBrtmYeiE,MZcBrtmYeiE,Still Waiting,RINZ. X Hoffy Beats,ukn
https://youtu.be/9xV837QaOgA,9xV837QaOgA,Ivory (ft. Jhove),𝐭𝐫𝐱𝐱𝐬𝐡𝐞𝐝,ukn
https://youtu.be/k5BVt9YU4uE,k5BVt9YU4uE,i miss the old days,unknown,ukn
https://youtu.be/fqLCneahGOc,fqLCneahGOc,zephyr,sftspkn,ukn
https://youtu.be/dx2kgDv2uyI,dx2kgDv2uyI,night call,Sem.,ukn
https://youtu.be/cjNZSuHZlh0,cjNZSuHZlh0,modern electronic,vcr-classique,ukn
https://youtu.be/67iBK1su3SE,67iBK1su3SE,Farewell,Kyoshin,ukn
https://youtu.be/rwCh2ld8_OQ,rwCh2ld8_OQ,If Only (feat. LionGod),waseem,ukn
https://youtu.be/699H1oP57WY,699H1oP57WY,日夜 (Day and Night),t e l e p a t h テレパシー能力者,ukn
https://youtu.be/DJGSR6-nZLY,DJGSR6-nZLY,Dream Sequence,Kendall Miles,ukn
https://youtu.be/QNDF6YrapeU,QNDF6YrapeU,harmless (ft. no.cape),hinshi,ukn
https://youtu.be/s_yZEgthl2U,s_yZEgthl2U,Missouri,Tranquil Teddy,ukn
https://youtu.be/Hy06PziYMGY,Hy06PziYMGY,Totally Fine,kioshi,ukn
https://youtu.be/wP8YgZsYo3I,wP8YgZsYo3I,You Should Stop Giving a F&*k ,unknown,ukn
https://youtu.be/YV7KFXmukpk,YV7KFXmukpk,candles,ais.hill,ukn
https://youtu.be/Lft4GlmepF8,Lft4GlmepF8,morning walks,jishle,ukn
https://youtu.be/kGgbGx6kGqI,kGgbGx6kGqI,If I Die,"Snøw, Criggoh, Julia Alexa, Josiah",ukn
https://youtu.be/mdHNp-edBFc,mdHNp-edBFc,Apex,Aiirwave,ukn
https://youtu.be/ljg51nv-dd4,ljg51nv-dd4,𝘧𝘰𝘳𝘦𝘷𝘦𝘳 𝘶𝘯𝘵𝘪𝘭 𝘵𝘩𝘦 𝘦𝘯𝘥,unknown,ukn
https://youtu.be/_CAbrITgwn8,_CAbrITgwn8,Classics (Full album),死霊SAINT,ukn
https://youtu.be/jHAte-EbZ44,jHAte-EbZ44,chiyo,kavv,ukn
https://youtu.be/QvtcR89LnfQ,QvtcR89LnfQ,雨,takai.,ukn
https://youtu.be/bp8D9TGKKI0,bp8D9TGKKI0,Descent,TSII,ukn
https://youtu.be/l4_TRbsMyFU,l4_TRbsMyFU,imagination (Lyrics),the bootleg boy & carl storm,ukn
https://youtu.be/pF6xe7l_SAo,pF6xe7l_SAo,Mayhaw,American Teleport,ukn
https://youtu.be/qKW9tMbS2Xk,qKW9tMbS2Xk,Tangle,Lo-Fi Luke & Tranquil Teddy,ukn
https://youtu.be/WiyZHAf8iaw,WiyZHAf8iaw,how i feel (ft. MOONSIGHT),hateful,ukn
https://youtu.be/iZmo9fswgqs,iZmo9fswgqs,goodnight,Brodd,ukn
https://youtu.be/OdRICgsXfIA,OdRICgsXfIA,alone with u,dulai & foley,ukn
https://youtu.be/ltV3yQstbKk,ltV3yQstbKk,Sign,waseem,ukn
https://youtu.be/v5Punzy_DUA,v5Punzy_DUA,elysian,slipfunc,ukn
https://youtu.be/uOgwEoZInvU,uOgwEoZInvU,when the clouds disappear (ft. Julia Alexa),sorrow & the bootleg boy,ukn
https://youtu.be/Re0ih9X7A3M,Re0ih9X7A3M,Always on My Mind,NEOPLASMA & Lys,ukn
https://youtu.be/IkddeJkVEyw,IkddeJkVEyw,love is blind {sided},Charlie Myles,ukn
https://youtu.be/AKUa3FTrMIw,AKUa3FTrMIw,Monogatari,arni,ukn
https://youtu.be/8vILVSaM830,8vILVSaM830,goodbye.,sxdtune,ukn
https://youtu.be/PGBGExMkRyg,PGBGExMkRyg,set you free w/ Sølace,Hypx,ukn
https://youtu.be/R0d08GxrWaw,R0d08GxrWaw,ease up,im.fine,ukn
https://youtu.be/Q02AjSqO0cQ,Q02AjSqO0cQ,you couldn't love me back,Laeland & SEA,ukn
https://youtu.be/Z8I64cleCy0,Z8I64cleCy0,Broken Cassettes,Vasporo,ukn
https://youtu.be/mUzK1lb5V4g,mUzK1lb5V4g,it's raining in Tokyo,Hamiko,ukn
https://youtu.be/oU4y2qefBNY,oU4y2qefBNY,realism,chooji,ukn
https://youtu.be/Mhh4hFz1Aiw,Mhh4hFz1Aiw,lofi songs for nostalgic days,unknown,ukn
https://youtu.be/V7sGZd73-wk,V7sGZd73-wk,haven't met you yet,nel,ukn
https://youtu.be/Lr59WwZfEZM,Lr59WwZfEZM,afterthought,meeko,ukn
https://youtu.be/pomFiPzKWnA,pomFiPzKWnA,After Dark,Cloophie,ukn
https://youtu.be/M4OnOHhT3c4,M4OnOHhT3c4,i'm sorry i'm tired,NINETEEN95,ukn
https://youtu.be/7j94NYhBaI8,7j94NYhBaI8,Sora 空 / Sky,Elijah Nang,ukn
https://youtu.be/06sA6FQrY_M,06sA6FQrY_M,"Sorry, I'll Try Harder",nu.q,ukn
https://youtu.be/clQFfJMizSs,clQFfJMizSs,Zenji 禅師,Cryptic,ukn
https://youtu.be/9ZfSVSKLCnM,9ZfSVSKLCnM,Damn Those Eyes,Digital Sex,ukn
https://youtu.be/OEKgkbTNTmY,OEKgkbTNTmY,𝘞𝘩𝘢𝘵 𝘏𝘢𝘷𝘦 𝘐 𝘎𝘰𝘵 𝘔𝘺𝘴𝘦𝘭𝘧 𝘐𝘯𝘵𝘰 𝘛𝘩𝘪𝘴 𝘛𝘪𝘮𝘦? ft. Rayan,slmnMORE.mp3,ukn
https://youtu.be/q2F85PHr4-k,q2F85PHr4-k,Solstice,Iam6teen,ukn
https://youtu.be/Rr7S9ivHlqM,Rr7S9ivHlqM,you're not in love with me,unknown,ukn
https://youtu.be/WI6u66XfFYk,WI6u66XfFYk,lone wolf,Brodd,ukn
https://youtu.be/X9OkfNLc5Jg,X9OkfNLc5Jg,The Book of Fright ,unknown,ukn
https://youtu.be/Y3f2IoKYLyw,Y3f2IoKYLyw,you were my friend,Zaini,ukn
https://youtu.be/rjl_okXlpPg,rjl_okXlpPg,Peace,Nosmoh X Kiosh,ukn
https://youtu.be/2v30PSe7YFQ,2v30PSe7YFQ,"goodnight, goodbye",sftspkn,ukn
https://youtu.be/-9YCSi9eS1A,-9YCSi9eS1A,Fantasy,Lost Traveler ロスト,ukn
https://youtu.be/4w3cRXOT2Sc,4w3cRXOT2Sc,last chance (ft. chptrs),NÜ,ukn
https://youtu.be/mZhJ4E8O5bk,mZhJ4E8O5bk,Dusk,Café,ukn
https://youtu.be/LE3JKH2smuY,LE3JKH2smuY,City Girl. ,unknown,ukn
https://youtu.be/wafNM6melY4,wafNM6melY4,mindstate,secret crates,ukn
https://youtu.be/T9ODF2SFPYQ,T9ODF2SFPYQ,Don't wait for me,frrb,ukn
https://youtu.be/XV4h0HYvjFI,XV4h0HYvjFI,vienna,trent ivor.,ukn
https://youtu.be/VBb8bejOpcY,VBb8bejOpcY,Colors in Eyelids,Otrebor,ukn
https://youtu.be/7gIbxzp9-xk,7gIbxzp9-xk,lemon tree,iam6teen,ukn
https://youtu.be/lI5-gPK4Kmo,lI5-gPK4Kmo,Habitos,lov lofi,ukn
https://youtu.be/6l-PPnbmIvQ,6l-PPnbmIvQ,watercolor,mrmcchickino,ukn
https://youtu.be/Eb3UORqg4_Q,Eb3UORqg4_Q,better off alone,Belfa & Julia Alexa,ukn
https://youtu.be/iztJKhD1mro,iztJKhD1mro,Emerald Daze,yonderling,ukn
https://youtu.be/VVZYKGFGYIE,VVZYKGFGYIE,despite my feelings,kowkaine,ukn
https://youtu.be/-FqxQZFwoHU,-FqxQZFwoHU,i'm sorry,heylog,ukn
https://youtu.be/cjI8VacgaqE,cjI8VacgaqE,oblivion,mrmcchickino,ukn
https://youtu.be/0SZQ-Hb-QsY,0SZQ-Hb-QsY,floating,Retro Aesthetic Boy,ukn
https://youtu.be/vN3VVzYqPVM,vN3VVzYqPVM,Marlboro Red,KMays,ukn
https://youtu.be/1piuOcBybHM,1piuOcBybHM,Take Your Time,Iam6teen,ukn
https://youtu.be/7ipdMEqH7Ek,7ipdMEqH7Ek,Bloom,sammudra.a,ukn
https://youtu.be/Yg6_YfJrGiM,Yg6_YfJrGiM,INFINITY,WINDMILL,ukn
https://youtu.be/K0MByB0iQCs,K0MByB0iQCs,feeling lost tonight,aidan.,ukn
https://youtu.be/XEmnikgX_n4,XEmnikgX_n4,Her Yukata,KsMusic3,ukn
https://youtu.be/HUJ6dJBVheY,HUJ6dJBVheY,Ties,ENRA,ukn
https://youtu.be/zx-EOXnSiRA,zx-EOXnSiRA,ｖｉｖｉｄ ｖｉｅｗｐｏｉｎｔ,unknown,ukn
https://youtu.be/gHEAImBeVXI,gHEAImBeVXI,it's ok to leave,Zaini & Vict Molina,ukn
https://youtu.be/H4D_qM5qnHM,H4D_qM5qnHM,Cold Weather,Dawzee,ukn
https://youtu.be/afodpifdIYA,afodpifdIYA,Serenity,foli,ukn
https://youtu.be/4-ckEXrAfaA,4-ckEXrAfaA,A Piece of Me ,unknown,ukn
https://youtu.be/1Ju6y5_wRyI,1Ju6y5_wRyI,flickering,Eeyore,ukn
https://youtu.be/dhU0d2LlJ4g,dhU0d2LlJ4g,New Horizon,Cloudy Purle,ukn
https://youtu.be/rCyE9K8LCAc,rCyE9K8LCAc,afraid of change (Lyrics),NÜ & Kayli Marie,ukn
https://youtu.be/Dv0V2dSIyPQ,Dv0V2dSIyPQ,Transience,Nic☉bé,ukn
https://youtu.be/4jU5afrtJTU,4jU5afrtJTU,sorry for being a mess,Iam6teen,ukn
https://youtu.be/7eIGrj7swtA,7eIGrj7swtA,crushed,Julia Alexa,ukn
https://youtu.be/mAYs-UCEUKo,mAYs-UCEUKo,demons,enjyng,ukn
https://youtu.be/WeIj5XsjBqw,WeIj5XsjBqw,Thinking About You ,unknown,ukn
https://youtu.be/cmRgJUwdivw,cmRgJUwdivw,The Liminal Space Experience,unknown,ukn
https://youtu.be/ZXZ1pspJcxg,ZXZ1pspJcxg,Girls only want one thing...,unknown,ukn
https://youtu.be/JfPQRFisQ90,JfPQRFisQ90,henshe,hntrn,ukn
https://youtu.be/PoijG4zOP8M,PoijG4zOP8M,don't be scared,Belfa & Julia Alexa,ukn
https://youtu.be/PoijG4zOP8M,PoijG4zOP8M,don't be scared,Belfa & Julia Alexa,ukn
https://youtu.be/qBaDscUVUGg,qBaDscUVUGg,homemade remedy,Visio,ukn
https://youtu.be/sgPpFzQIYuc,sgPpFzQIYuc,afternoon tea,zendo,ukn
https://youtu.be/EYVkxoyPBWA,EYVkxoyPBWA,Night Patrol,FM Skyline,ukn
https://youtu.be/bGGVcoGWx_Q,bGGVcoGWx_Q,Flowing Clouds,Cyter,ukn
https://youtu.be/PpAfC_GHqXI,PpAfC_GHqXI,"Baby, Don't Leave Me",Idk / Idc,ukn
https://youtu.be/w5Mqh4GRlVY,w5Mqh4GRlVY,Call Me When You Get Home,Adam Youngman,ukn
https://youtu.be/RuwXt1My3xk,RuwXt1My3xk,I Think You Left Your Scarf,kochetkovv,ukn
https://youtu.be/7YESt-6vVN4,7YESt-6vVN4,alpha centauri,waterfront dining,ukn
https://youtu.be/LKSN7-2orK0,LKSN7-2orK0,lullaby,muun,ukn
https://youtu.be/XuHTQFBaw1k,XuHTQFBaw1k,numb,Zaini,ukn
https://youtu.be/6ZrUhFlDPuU,6ZrUhFlDPuU,Summer Vibes  Lofi Instrumental Mix ,unknown,ukn
https://youtu.be/mGFO7NvmgUI,mGFO7NvmgUI,Falling,Dawzee,ukn
https://youtu.be/CXkIZFvGdgs,CXkIZFvGdgs,I Choose You (ft. Roiael),Aidan.,ukn
https://youtu.be/s83WMxquXS0,s83WMxquXS0,solace,ghosthands,ukn
https://youtu.be/j7uOPXt05Go,j7uOPXt05Go,Hold On (Feat. Carston),Lorin,ukn
https://youtu.be/6tuNbYZplHA,6tuNbYZplHA,Airplanes And Smoke,Wataru Fujiwara,ukn
https://youtu.be/x55YKKTSumg,x55YKKTSumg,Bones,Adam Youngman,ukn
https://youtu.be/s22A20Qp2DA,s22A20Qp2DA,Indigo,TSII,ukn
https://youtu.be/9bseYWliMc0,9bseYWliMc0,covered in my tears (ft. iriasona),jisatsu,ukn
https://youtu.be/FEny14-ISAc,FEny14-ISAc,Gleam,waseem,ukn
https://youtu.be/oj1Lh2KN8rI,oj1Lh2KN8rI,blush,kowkaine,ukn
https://youtu.be/Z8L-6A4RbqQ,Z8L-6A4RbqQ,Faces On My Wall feat SUNZIRO,RENAQAMI,ukn
https://youtu.be/3bZMQLPM44Q,3bZMQLPM44Q,Lullaby,Grizzlydor,ukn
https://youtu.be/iPFkaKnvdDw,iPFkaKnvdDw,Want You Back,DUCAT,ukn
https://youtu.be/EG8_2sXblGM,EG8_2sXblGM,ikigai,Viren x Raj E,ukn
https://youtu.be/1F8iO1lT_uo,1F8iO1lT_uo,A Gloomy Night,Voron,ukn
https://youtu.be/y3dFbMh21-4,y3dFbMh21-4,rue,wakey,ukn
https://youtu.be/FbbdoVyKnso,FbbdoVyKnso,fault,Rexlambo,ukn
https://youtu.be/O-S07eJ16Wc,O-S07eJ16Wc,Subsistence,trxxshed & allove,ukn
https://youtu.be/Z50d1tS9kg8,Z50d1tS9kg8,Forest of Thoughts,Shinra 神羅,ukn
https://youtu.be/zTkxl4_DQew,zTkxl4_DQew,plastered (prod. skinny atlas),jomie,ukn
https://youtu.be/SSnIzHG1gtE,SSnIzHG1gtE,0.145833333,BeClos,ukn
https://youtu.be/nFWnos_7pxc,nFWnos_7pxc,my feelings for you,Yeiku.,ukn
https://youtu.be/JwrCcBS3f4M,JwrCcBS3f4M,best i could be. (ft. Fallen Oceans),Daniel Javan & wander all winter.,ukn
https://youtu.be/tVaitXmddmk,tVaitXmddmk,1800LoveLine,Yuni Wa,ukn
https://youtu.be/DNkc4rSDxW4,DNkc4rSDxW4,call the rain,"beowulf, towerz & findkoji",ukn
https://youtu.be/t8eFqIF2Ml0,t8eFqIF2Ml0,shy little frog,BaKu,ukn
https://youtu.be/luEiZ1grRuQ,luEiZ1grRuQ,Momentum,Sleepermane,ukn
https://youtu.be/isLndO6jQ5o,isLndO6jQ5o,Stay,2ma,ukn
https://youtu.be/c-YcqHQHdJk,c-YcqHQHdJk,don't overthink it,yaeow,ukn
https://youtu.be/jxjFa2v5Hcc,jxjFa2v5Hcc,smithereens,stitchy,ukn
https://youtu.be/SgZYjtiVLnU,SgZYjtiVLnU,love is in the air,hntrn,ukn
https://youtu.be/fr_TFgKeJoU,fr_TFgKeJoU,Best of: 猫 シ Corp. (Chapter One: Mallsoft),unknown,ukn
https://youtu.be/zB5Q4LKEiZ4,zB5Q4LKEiZ4,feverdream,Dylan Boote,ukn
https://youtu.be/0ep4tN1k-B0,0ep4tN1k-B0,where do we go when we fall in love,unknown,ukn
https://youtu.be/prqXUYJmcTY,prqXUYJmcTY,happy end,Visio,ukn
https://youtu.be/4YUl5yECsA0,4YUl5yECsA0,that sucks,frrb,ukn
https://youtu.be/3U1OAOmK-Xk,3U1OAOmK-Xk,I Got You (Feat. Sølace),Endly,ukn
https://youtu.be/0GzB-CjiSnQ,0GzB-CjiSnQ,handcrafted in a dream,𝙴𝚎𝚢𝚘𝚛𝚎,ukn
https://youtu.be/Yc03wikjiPQ,Yc03wikjiPQ,Emotional ,unknown,ukn
https://youtu.be/1vXOtBbS-tE,1vXOtBbS-tE,Neon Beach,DUCAT,ukn
https://youtu.be/VmSC7FVgc64,VmSC7FVgc64,butterfly blue,Cafuné,ukn
https://youtu.be/5Lpdd1BiTc4,5Lpdd1BiTc4,polar lights ft. Madebysaito,OC,ukn
https://youtu.be/xvS7-XVRuMo,xvS7-XVRuMo,lost in broken words,shae delea,ukn
https://youtu.be/JdYdf5G5xpc,JdYdf5G5xpc,drowning,GXC,ukn
https://youtu.be/CwnjCvP3bpI,CwnjCvP3bpI,one last time,.Uzu,ukn
https://youtu.be/g_GlQ4YXSdM,g_GlQ4YXSdM,SYMPATHY,vcr-classique,ukn
https://youtu.be/_otcpZ06eIM,_otcpZ06eIM,i wish this was a love song,cursedearvy.jpeg & linsy,ukn
https://youtu.be/Gig_fl4tiSM,Gig_fl4tiSM,Neverland,Charlee Nguyen,ukn
https://youtu.be/g7HSNCxAiOQ,g7HSNCxAiOQ,Forest Shrine,Kerusu,ukn
https://youtu.be/jGjdqIyX31M,jGjdqIyX31M,ＰＯＳＩＴＩＶＥ ポ ジ テ ィ ブ,Alex Oddly,ukn
https://youtu.be/T1POQ8vf6pc,T1POQ8vf6pc,The Change,Adam Youngman & Daniel Bingham,ukn
https://youtu.be/DzvxW_GDQhc,DzvxW_GDQhc, i want to tell you i love you but i can't,Barradeen,ukn
https://youtu.be/bnnPYjjHKhk,bnnPYjjHKhk,Acacia,Zaini,ukn
https://youtu.be/4T-vKtoda_g,4T-vKtoda_g,Antidepressants,takai.,ukn
https://youtu.be/D-qQgGtcIOY,D-qQgGtcIOY,ame,unisize.,ukn
https://youtu.be/wbhfl2Osu04,wbhfl2Osu04,stargazing,siapan & iriasona,ukn
https://youtu.be/qJIlaEyPq1A,qJIlaEyPq1A,Nightcrawler,Dylan Boote,ukn
https://youtu.be/QFgLi8Q8m8M,QFgLi8Q8m8M,Everything Is Moving,Afroham & RINZ.,ukn
https://youtu.be/YVOdfEyoBA0,YVOdfEyoBA0,bloom,under the maple tree,ukn
https://youtu.be/446pHZpBPPw,446pHZpBPPw,Hold Me Closer ,unknown,ukn
https://youtu.be/VlMeLKV-Tj4,VlMeLKV-Tj4,Astrogate,Sørcery x EVANS,ukn
https://youtu.be/bhkoWsIcZ1s,bhkoWsIcZ1s,Sakura In Full Bloom,ianmirror,ukn
https://youtu.be/XQ89OnV0-x0,XQ89OnV0-x0,Cloud Vibes (Prod. Jatin Kalia),Kayli Marie,ukn
https://youtu.be/_Xu729APPpc,_Xu729APPpc,Deep Brown Eyes,TUPPERWAVE,ukn
https://youtu.be/2gCgEdxtqOo,2gCgEdxtqOo,one two,alb,ukn
https://youtu.be/topzyV3blVY,topzyV3blVY,Lost Not Found,wrongnumber,ukn
https://youtu.be/Xdm2k7n9UV4,Xdm2k7n9UV4,Pastel Skies (Live at Pad Chennington's Block Party),Runners Club 95,ukn
https://youtu.be/hFFAmJUkHLA,hFFAmJUkHLA,fr8 train (prod. idealism),not home.,ukn
https://youtu.be/K3FigOgkr3Y,K3FigOgkr3Y,i know,LucidDream. x yaeow x Laeland,ukn
https://youtu.be/p7iCM2_FzxM,p7iCM2_FzxM,summer,Caleb,ukn
https://youtu.be/72FBVU_M86A,72FBVU_M86A,Human,Ondi Vil & Kehard,ukn
https://youtu.be/TC48CLyQBBE,TC48CLyQBBE,Sleep Soon,Aymax,ukn
https://youtu.be/-GWcTFRiJQA,-GWcTFRiJQA,Human,Ondi Vil & Kehard,ukn
https://youtu.be/8wv9dncbQOw,8wv9dncbQOw,Rainy Nights,Belfa & Hinshi,ukn
https://youtu.be/qxZZEYvtFGE,qxZZEYvtFGE,eve,Iam6teen,ukn
https://youtu.be/l_i7KqqvdEk,l_i7KqqvdEk,Soulmates,死夢VANITY,ukn
https://youtu.be/jQn5M49eJN0,jQn5M49eJN0,falling again,"oliver lucas, findkoji & beowulf",ukn
https://youtu.be/HRPbIyqJnWo,HRPbIyqJnWo,time to pay for what's due,offchance (on the),ukn
https://youtu.be/8gF6MjpApFA,8gF6MjpApFA,like i never left,satin,ukn
https://youtu.be/Z61FCoJJFhk,Z61FCoJJFhk,Sometimes 時々,Alex Oddly,ukn
https://youtu.be/dTgk32IkWgQ,dTgk32IkWgQ,so in pain,undergrnddepo,ukn
https://youtu.be/QfsSR9r_DKs,QfsSR9r_DKs,cry,Iam6teen,ukn
https://youtu.be/skIqHLKkKwU,skIqHLKkKwU,Star Level,Gavriel,ukn
https://youtu.be/uJGe1fdQckE,uJGe1fdQckE,cute songs to help with bad days,unknown,ukn
https://youtu.be/E2TfHFF3goM,E2TfHFF3goM,Healin',K3JO,ukn
https://youtu.be/2bwD3JzdSBQ,2bwD3JzdSBQ,Meteorite,Wisanga,ukn
https://youtu.be/f8TVMmBaGWI,f8TVMmBaGWI,R.I.P.,Zaini,ukn
https://youtu.be/kijR9e418t8,kijR9e418t8,bttp.1 [FULL BEATTAPE],H E R B,ukn
https://youtu.be/4Oo1eZLMp4w,4Oo1eZLMp4w,To U,Ondi Vil & Chryssa Dom,ukn
https://youtu.be/GTAnJmUNiZc,GTAnJmUNiZc,Peaches x Guitar,BeClos,ukn
https://youtu.be/wfM11mcRfIk,wfM11mcRfIk,Unwanted Love ,unknown,ukn
https://youtu.be/FT0PcmrK8Xw,FT0PcmrK8Xw,so... now what?,frrb,ukn
https://youtu.be/dgvilzc3mHM,dgvilzc3mHM,yesterday,sftspkn,ukn
https://youtu.be/r2AykmIBOCc,r2AykmIBOCc,"just you and me, rest of the world doesn't matter",nilöwh.,ukn
https://youtu.be/262ZCfwY8pQ,262ZCfwY8pQ,don't let go,the bootleg boy & lokel,ukn
https://youtu.be/DnrNGJWSYcg,DnrNGJWSYcg,after hours,sftspkn,ukn
https://youtu.be/CKUMAuRovIo,CKUMAuRovIo,could've been,antonvstheworld,ukn
https://youtu.be/mQQcE-_vyTU,mQQcE-_vyTU,Cold Wind,chooji,ukn
https://youtu.be/stOJw92CbGE,stOJw92CbGE,Wish I Could Tell My Mum,Roiael & Skinny Atlas,ukn
https://youtu.be/Y6AXL-n4Phc,Y6AXL-n4Phc,Hot Air Balloon,RINZ. x Letter10 Beats,ukn
https://youtu.be/AQH3R-xi7kQ,AQH3R-xi7kQ,mistakes,mrmcchickino,ukn
https://youtu.be/9pH1JLTbkrY,9pH1JLTbkrY,On the Other Side ,unknown,ukn
https://youtu.be/YTRHBA7Ld0k,YTRHBA7Ld0k,Best of: t e l e p a t h テレパシー能力者,unknown,ukn
https://youtu.be/16E7yoo2FJ8,16E7yoo2FJ8,Thrice Upon A Time,RONINCLOUD,ukn
https://youtu.be/rgrtHCk7DDE,rgrtHCk7DDE,hummingbird,mrmcchickino,ukn
https://youtu.be/1PQAFChL61I,1PQAFChL61I,cold,hinshi & teqkoi,ukn
https://youtu.be/xFVRnMGeCTk,xFVRnMGeCTk,Flowers,Gravel,ukn
https://youtu.be/1-F4SJ6VESc,1-F4SJ6VESc,chime,𝕜𝕣𝕪𝕥𝕞,ukn
https://youtu.be/TDnwpGC_F6w,TDnwpGC_F6w,"love, joshua",cavasoul,ukn
https://youtu.be/-o7VuQvPBkY,-o7VuQvPBkY,Hometown,Rtn,ukn
https://youtu.be/9uGpOEBcPGY,9uGpOEBcPGY,Acacia,Zaini,ukn
https://youtu.be/xRn3qGTCaUs,xRn3qGTCaUs,May I,"FRANZ, Board-Man",ukn
https://youtu.be/ETAK8v6AFSE,ETAK8v6AFSE,Sunshine,Klea,ukn
https://youtu.be/EuEH2owofZU,EuEH2owofZU,Shangri-La,sftspkn,ukn
https://youtu.be/oTImc1AQ0DU,oTImc1AQ0DU,Stop And Smell The Roses,waseem,ukn
https://youtu.be/UT9GEz6aVkE,UT9GEz6aVkE,nice knowing you.,.Uzu,ukn
https://youtu.be/W4nal8RCKrA,W4nal8RCKrA,Obscura,TUPPERWAVE,ukn
https://youtu.be/rDPs-RPWGm4,rDPs-RPWGm4,does it really matter?,yaeow,ukn
https://youtu.be/dvWRNG00Nyw,dvWRNG00Nyw,Modest,Neology,ukn
https://youtu.be/qi4S-O18CeQ,qi4S-O18CeQ,JOURNEY TO ＯＳＡＫＡ ☯ ,unknown,ukn
https://youtu.be/tpRBPgjIacw,tpRBPgjIacw,Pretend That You Love Me,lately lui,ukn
https://youtu.be/7i25Rx7275I,7i25Rx7275I,𝐼 𝑤𝑖𝑠ℎ 𝐼 ℎ𝑎𝑑𝑛'𝑡 𝑚𝑒𝑡 𝑦𝑜𝑢.,unknown,ukn
https://youtu.be/qaFZWKpbVKg,qaFZWKpbVKg,float on by,Charlie Myles,ukn
https://youtu.be/g293Oz3z-RE,g293Oz3z-RE,Crescent Moon 🌙 (feat. Paolo),Grenn,ukn
https://youtu.be/BhMOxu6J0Ps,BhMOxu6J0Ps,new boy,im.fine,ukn
https://youtu.be/VSPGwo-HoTM,VSPGwo-HoTM,So Good,ZeDe,ukn
https://youtu.be/zXIkHL0QXpE,zXIkHL0QXpE,Nikitsume (w/ Eeyore),Ozu,ukn
https://youtu.be/-ctL9ISxwHo,-ctL9ISxwHo,I'm So Good at Lying (feat. Powfu & Thomas Reid),Rxseboy,ukn
https://youtu.be/cLg3WRJFN1Y,cLg3WRJFN1Y,Recollection,waseem,ukn
https://youtu.be/WgQHvJTO7fA,WgQHvJTO7fA,sundown,jishle,ukn
https://youtu.be/JjdIDlO6lSA,JjdIDlO6lSA,Walking with You on this Street,Sangjak (想作),ukn
https://youtu.be/-2Dd-NOlInk,-2Dd-NOlInk,Her,MSKD Shinobi.,ukn
https://youtu.be/NZrk-BQbcIY,NZrk-BQbcIY,thankyou for ruining my life,teqkoi,ukn
https://youtu.be/K2tzOgT80rg,K2tzOgT80rg,idk you yet (Alexander 23 cover),oli.mp3,ukn
https://youtu.be/L9al1Jy6tso,L9al1Jy6tso,dream,pepperonibeats,ukn
https://youtu.be/lH2PFesc37Y,lH2PFesc37Y,if you were mine,Inflake & Haidi,ukn
https://youtu.be/7J38cT7gOUE,7J38cT7gOUE,I'll finally get some sleep,KMays,ukn
https://youtu.be/74at3wnFLfU,74at3wnFLfU,RAINING IN ＮＡＧＡＳＡＫＩ,unknown,ukn
https://youtu.be/Tw-_lpJy04Q,Tw-_lpJy04Q,So I Made This Song,takai.,ukn
https://youtu.be/oDqL0RnxWZM,oDqL0RnxWZM,Damaged ,unknown,ukn
https://youtu.be/F2t2EKmZZF4,F2t2EKmZZF4,Infatuation (Extended),死夢VANITY,ukn
https://youtu.be/zjcgCX31R8Q,zjcgCX31R8Q,lost in the clouds,jishle,ukn
https://youtu.be/SywSmiC9DAo,SywSmiC9DAo,Night Call,Wataru Fujiwara,ukn
https://youtu.be/iPB504TwC1M,iPB504TwC1M,Stay With Me (Prod. By Jake Daniels),Ryan Bronson,ukn
https://youtu.be/Ii79bHDSJvc,Ii79bHDSJvc,Wait,BACKWHEN,ukn
https://youtu.be/HQlpji-N8KY,HQlpji-N8KY,goodnight & sweet dreams,boone,ukn
https://youtu.be/YngFikATz74,YngFikATz74,Passing By,Tranquil Teddy,ukn
https://youtu.be/9GHT_qAJm48,9GHT_qAJm48,in this world,pikaaalone,ukn
https://youtu.be/MdQsbx7g3VY,MdQsbx7g3VY,Qualm Hills,Nanonovo,ukn
https://youtu.be/-nC2UebcVNQ,#NAME?,wish i could tell my mum,Roiael & Skinny Atlas,ukn
https://youtu.be/Cvzr8um0hvc,Cvzr8um0hvc,Le Blues,Terry Bible & Super Finesse,ukn
https://youtu.be/OMJK3BZdylo,OMJK3BZdylo,Dusk,Café,ukn
https://youtu.be/YhV8DrXlqGU,YhV8DrXlqGU,smile,kowkaine,ukn
https://youtu.be/N0TydmyiyWs,N0TydmyiyWs,breathe,Iam6teen,ukn
https://youtu.be/kJHlG7plnhg,kJHlG7plnhg,longing for the past,sammudra.a,ukn
https://youtu.be/HcqSQojp_OA,HcqSQojp_OA,some days are better than others,ais.hill,ukn
https://youtu.be/tVyelKEphkQ,tVyelKEphkQ,Your Voice (feat. dhan),Skinny Atlas & Zaini,ukn
https://youtu.be/ZmkAdONz8yA,ZmkAdONz8yA,tsuyu,dulai & neptune kid,ukn
https://youtu.be/vVQYIC-5s34,vVQYIC-5s34,In the Rain,Aiirwave,ukn
https://youtu.be/6Kdt4O5SjJE,6Kdt4O5SjJE,Insomnia,KMays,ukn
https://youtu.be/FoGaQrBvWQc,FoGaQrBvWQc,Take My Thoughts Away (ft. luciiniite),Ondi Vil,ukn
https://youtu.be/UW4U87IOWuk,UW4U87IOWuk,ups and downs,RINZ.,ukn
https://youtu.be/s3EtHGKqqHw,s3EtHGKqqHw,numbing out the pain,offchance (on the),ukn
https://youtu.be/HGZLukUjQnY,HGZLukUjQnY,夢『DREAMIN'01』,unknown,ukn
https://youtu.be/Cp0ZR2We_EQ,Cp0ZR2We_EQ,Veranda,FM Skyline,ukn
https://youtu.be/UAes42ofwak,UAes42ofwak,ocean waves [FULL TAPE],neptune kid,ukn
https://youtu.be/TpkEuaT7zl0,TpkEuaT7zl0,keep wishing,alex oddly,ukn
https://youtu.be/NjbqR6xQpS0,NjbqR6xQpS0,Forest,ChilledMike,ukn
https://youtu.be/2DKMIwSVvi0,2DKMIwSVvi0,gravity,trent ivor.,ukn
https://youtu.be/ZUjWJle0wcM,ZUjWJle0wcM,Human,Ondi Vil & Kehard,ukn
https://youtu.be/3zDEzzP3bck,3zDEzzP3bck,seattle,vcr-classique,ukn
https://youtu.be/exMJ7uqY-_E,exMJ7uqY-_E,ghost town,Retro Aesthetic Boy,ukn
https://youtu.be/vTVnUWxBJio,vTVnUWxBJio,kingdom by the sea,mrmcchickino,ukn
https://youtu.be/jXJaqRTBBMg,jXJaqRTBBMg,seattle,vcr-classique,ukn
https://youtu.be/pu2jXyLNK1M,pu2jXyLNK1M,Parmenides,Grenn,ukn
https://youtu.be/tBAemZ-V4B4,tBAemZ-V4B4,interstellar,kowkaine,ukn
https://youtu.be/v1G3erjI6jo,v1G3erjI6jo,lilacs in a window,𝕜𝕣𝕪𝕥𝕞,ukn
https://youtu.be/07Uqi7j9b6Q,07Uqi7j9b6Q,"always, and forever (Lyrics) w/ my little sister",yaeow,ukn
https://youtu.be/6SpfnKw554I,6SpfnKw554I,lofi for late nights 2,unknown,ukn
https://youtu.be/VBDsSs4d_TY,VBDsSs4d_TY,akogare w/ 7teenth.,unisize.,ukn
https://youtu.be/iEW3Ps9-Avk,iEW3Ps9-Avk,I will never forget you,Brodd,ukn
https://youtu.be/knoWzH83G2k,knoWzH83G2k,nothing but,hntrn,ukn
https://youtu.be/E6ZKYrAi8NQ,E6ZKYrAi8NQ,Moonlight Melancholy,unknown,ukn
https://youtu.be/_Y8pydlspP4,_Y8pydlspP4,the person i am,unknown,ukn
https://youtu.be/IUDDFenkn4M,IUDDFenkn4M,Maybe,KMays,ukn
https://youtu.be/QgrvMB9vf9o,QgrvMB9vf9o,Water,OffCentre,ukn
https://youtu.be/ZY_tj7XLiDg,ZY_tj7XLiDg,hang loose,piji.san,ukn
https://youtu.be/FV9MXtKwdGI,FV9MXtKwdGI,夢『DREAMIN'02』,unknown,ukn
https://youtu.be/3u9skEn74eQ,3u9skEn74eQ,dreams,inert,ukn
https://youtu.be/VzFxbPPjXC0,VzFxbPPjXC0,UKIYO,Kayou.,ukn
https://youtu.be/M-63qh4_ihc,M-63qh4_ihc,Heartbreak Anniversary,Arm,ukn
https://youtu.be/ka6PdNrljdA,ka6PdNrljdA,oh i try (Lyrics),yaeow,ukn
https://youtu.be/IBHPgoll6a0,IBHPgoll6a0,Spacewalk,Janek Mo,ukn
https://youtu.be/ngcrylkUIlo,ngcrylkUIlo,君が欲しい,EVANS,ukn
https://youtu.be/htd4_qlQfN8,htd4_qlQfN8,Time (Lyrics) [Demo],Deyaz,ukn
https://youtu.be/0dPhD0MIcZI,0dPhD0MIcZI,Trip,FRANZ,ukn
https://youtu.be/Ww8qMGYZWkQ,Ww8qMGYZWkQ,Light,AymaxFirst,ukn
https://youtu.be/UexlIts3mX8,UexlIts3mX8,love u bro,Mr. Bennou,ukn
https://youtu.be/TWOd8Ym0mZs,TWOd8Ym0mZs,втюрилась (YSWDS lo-fi remix),дора,ukn
https://youtu.be/LM8zRrJOcdM,LM8zRrJOcdM,Lighthouse (ft. mell-ø),𝐭𝐫𝐱𝐱𝐬𝐡𝐞𝐝,ukn
https://youtu.be/QabaLQHoHoo,QabaLQHoHoo,before i knew your name,Valera,ukn
https://youtu.be/7fHu5eVFDOE,7fHu5eVFDOE,under,mrmcchickino,ukn
https://youtu.be/W5JCNTM2uaI,W5JCNTM2uaI,Head In The Clouds,kian.,ukn
https://youtu.be/H_YxxMIlaz0,H_YxxMIlaz0,B Positive,Lo-Fi Luke & Tranquil Teddy,ukn
https://youtu.be/WSL10EouwbQ,WSL10EouwbQ,nuggets & hash browns,nel,ukn
https://youtu.be/kEGcB5ghX9I,kEGcB5ghX9I,once in a bluee moon,hntrn,ukn
https://youtu.be/7MXe0aaDxYQ,7MXe0aaDxYQ,3𝑎𝑚 𝑜𝑛 𝑎 𝑠𝑐ℎ𝑜𝑜𝑙 𝑛𝑖𝑔ℎ𝑡 𝑎𝑛𝑑 𝑖𝑡'𝑠 𝑟𝑎𝑖𝑛𝑖𝑛𝑔,unknown,ukn
https://youtu.be/_l4SiqTOz7A,_l4SiqTOz7A,Waves From The East,Sons Cassettes,ukn
https://youtu.be/DOidYLFLt2o,DOidYLFLt2o,A Samurai's Last Words,Shinra 神羅,ukn
https://youtu.be/Y54zIb15H5s,Y54zIb15H5s,everything will be fine (i promise),a l e x,ukn
https://youtu.be/bXOuoG3A-jY,bXOuoG3A-jY,feel again (Lyrics),Rnla & Julia Alexa,ukn
https://youtu.be/LrNHe30Dxyo,LrNHe30Dxyo,I'll Remember You,jxsie beats,ukn
https://youtu.be/gttgNguWyaQ,gttgNguWyaQ,Blue Melody,Astra,ukn
https://youtu.be/6IB8ouuJAcg,6IB8ouuJAcg,sorry for being a mess,unknown,ukn
https://youtu.be/1-3LLFbt3Kw,1-3LLFbt3Kw,Circles,Sandai,ukn
https://youtu.be/VSsxZ2pbsBs,VSsxZ2pbsBs,Tranquil,Tibeauthetraveler,ukn
https://youtu.be/UDkeE9TTJJg,UDkeE9TTJJg,Obsession,Martina Di Nardo,ukn
https://youtu.be/CF0t3ag2KAM,CF0t3ag2KAM,感動できない,haircuts for men,ukn
https://youtu.be/Eoil58D3lH0,Eoil58D3lH0,fall in luv,Broken pupil & fat emo girl,ukn
https://youtu.be/VyUjlxi1dmE,VyUjlxi1dmE,Lucid Forest,Øneheart & Skoliks,ukn
https://youtu.be/12tk1225fx8,12tk1225fx8,without you feels like a nightmare (prod. thislandis x mattaio),SNEX,ukn
https://youtu.be/UI0mgp2A3pU,UI0mgp2A3pU,lonesome city,vcr-classique,ukn
https://youtu.be/CcLc2KTuPTM,CcLc2KTuPTM,better now,oryl,ukn
https://youtu.be/ZzEUMw16wX0,ZzEUMw16wX0,gloomy,𝙴𝚎𝚢𝚘𝚛𝚎,ukn
https://youtu.be/GYPV915WBo4,GYPV915WBo4,out of time,pepperonibeats,ukn
https://youtu.be/vbDwopq931A,vbDwopq931A,all i'm asking for,Kayou. & fawlin,ukn
https://youtu.be/onx0wP6EiT8,onx0wP6EiT8,Coastline,Seductive Gateways,ukn
https://youtu.be/cKvqLSh7j2I,cKvqLSh7j2I,Serenity,Feitan Shelby,ukn
https://youtu.be/vMPgTd0ohjM,vMPgTd0ohjM,Nightcrawler,Dylan Boote,ukn
https://youtu.be/ofH2bANMhjo,ofH2bANMhjo,Lost Elysium,XeNipter,ukn
https://youtu.be/QUlLQQNhgGQ,QUlLQQNhgGQ,bones in my closet (ft. ghosthands),leftquiet,ukn
https://youtu.be/_90ATOu_V10,_90ATOu_V10,Angel Lane,KsMusic3,ukn
https://youtu.be/CrkQwoEp1J4,CrkQwoEp1J4,Reflections,Dylan Boote,ukn
https://youtu.be/-Ks9yfz9YOU,-Ks9yfz9YOU,why do i love you,unknown,ukn
https://youtu.be/-6Y0h-81pyY,-6Y0h-81pyY,you love the pain (prod. Chester Perry),Martina Di Nardo,ukn
https://youtu.be/jp6VUrTkuV8,jp6VUrTkuV8,"good morning, love (ft. Hoogway)",Tibeauthetraveler,ukn
https://youtu.be/4JfaZBaELqw,4JfaZBaELqw,i still dream of you (part 2),Retro Aesthetic Boy,ukn
https://youtu.be/BgZsl41-fwY,BgZsl41-fwY,in june,bKu,ukn
https://youtu.be/kKnpZrHSOqc,kKnpZrHSOqc,jeju island,yaeow,ukn
https://youtu.be/bZjcQeGaHOg,bZjcQeGaHOg,shimmer,sftspkn,ukn
https://youtu.be/UgSABciZ6hc,UgSABciZ6hc,my heart is bleeding,Heroe & the bootleg boy,ukn
https://youtu.be/acoLRihtqMk,acoLRihtqMk,Evergreen,RINZ. x Sto Nii,ukn
https://youtu.be/O8148OhJA-A,O8148OhJA-A,Best of: Windows96 (Chapter One),unknown,ukn
https://youtu.be/5D-HapMb_Tw,5D-HapMb_Tw,"As The Moon, So Beautiful",Hirx,ukn
https://youtu.be/kTJVMlEG5zU,kTJVMlEG5zU,don't let me drown.,aidan,ukn
https://youtu.be/mUoDDztleRM,mUoDDztleRM,Vagabond ,unknown,ukn
https://youtu.be/HKLrvFBamlU,HKLrvFBamlU,Playground For Ghosts,Foley,ukn
https://youtu.be/5NHTv4D5RXo,5NHTv4D5RXo,Sorry for asking,Martina Di Nardo,ukn
https://youtu.be/xZfYaVIdyxQ,xZfYaVIdyxQ,Bus Ride (Lyrics) ft. chloe moriondo,Rxseboy,ukn
https://youtu.be/bD7Df9mHShA,bD7Df9mHShA,Daijoubu,Shinra,ukn
https://youtu.be/8H-4C6EcEwg,8H-4C6EcEwg,Angel Whispers,Dylan Boote,ukn
https://youtu.be/O655Np0MaFc,O655Np0MaFc,have you ever been in love?,Addict. & Rewind,ukn
https://youtu.be/KNjicOyeTsk,KNjicOyeTsk,Kawa 川 w/ WEI,Elijah Nang,ukn
https://youtu.be/FFaBtCaya84,FFaBtCaya84,Places,ENRA x dr niar ,ukn
https://youtu.be/JiEMr6jn8Xo,JiEMr6jn8Xo,drowning in thoughts,Brodd,ukn
https://youtu.be/vhSP7996l0o,vhSP7996l0o,another day,vitale,ukn
https://youtu.be/LERWPcdTmuA,LERWPcdTmuA,Breathe,IKAAL,ukn
https://youtu.be/rM1L1AWbLn4,rM1L1AWbLn4,childhood memories,Visio,ukn
https://youtu.be/LTYGB-HkXFY,LTYGB-HkXFY,sad lofi for haunted souls,unknown,ukn
https://youtu.be/mGOQSglxmgs,mGOQSglxmgs,Night Sky,Lemonah,ukn
https://youtu.be/1V80BGPjrz8,1V80BGPjrz8,you left this fall,KMays,ukn
https://youtu.be/r-DvNMzh8Io,r-DvNMzh8Io,Soot Sprites' Ramen Shop ,unknown,ukn
https://youtu.be/kJnbc78mZ-o,kJnbc78mZ-o,lets go to brazil,neptune kid,ukn
https://youtu.be/2s2wFHEO-hs,2s2wFHEO-hs,No Limit To Life,Late Night Hour,ukn
https://youtu.be/EUnsSfmO6M0,EUnsSfmO6M0,should i ghost you...,unknown,ukn
https://youtu.be/Cy4lu_GO_iA,Cy4lu_GO_iA,postcard,sweepy,ukn
https://youtu.be/yeaQU0Qdjfg,yeaQU0Qdjfg,dulai & yeiku ~ shizuka,unknown,ukn
https://youtu.be/4TT60bZ01dE,4TT60bZ01dE,worth,ARI$TON,ukn
https://youtu.be/rUKHAQUngiA,rUKHAQUngiA,for her (feat. Elli),adi.,ukn
https://youtu.be/bcevRvkt6B4,bcevRvkt6B4,over and over again,KMays,ukn
https://youtu.be/QWDYdXcxb5g,QWDYdXcxb5g,slow drag,RONINCLOUD,ukn
https://youtu.be/BTOEe--wyPw,BTOEe--wyPw,big big planet,mrmcchickino,ukn
https://youtu.be/x0P-rA3d3W8,x0P-rA3d3W8,before i knew your name K ON,Valera,ukn
https://youtu.be/5_jln89J64g,5_jln89J64g,adrift,mrmcchickino,ukn
https://youtu.be/QnnNzbyc9o8,QnnNzbyc9o8,when u wore my coat (Lyrics),scapegoat & powfu,ukn
https://youtu.be/S87SaNT3XIs,S87SaNT3XIs,lumiere,mrmcchickino,ukn
https://youtu.be/iABvbgMwfek,iABvbgMwfek,sad songs for lonely souls,unknown,ukn
https://youtu.be/bVwtqOrOCeU,bVwtqOrOCeU,zephyr,Luca Isaiah,ukn
https://youtu.be/uhRbgkl0khA,uhRbgkl0khA,sad lofi for city nights,unknown,ukn
https://youtu.be/VVVTTBSGJaE,VVVTTBSGJaE,Lucid Dreaming,Kaiyō,ukn
https://youtu.be/7WPNqJTrOo0,7WPNqJTrOo0,night kiss,bl00dwave,ukn
https://youtu.be/tQxgrN8q0yo,tQxgrN8q0yo,i'm a ghost but it hurts (prod. ocean),Rxseboy,ukn
https://youtu.be/-KaF_VD1lpk,-KaF_VD1lpk,forever,mrmcchickino,ukn
https://youtu.be/iFAtxgzcedk,iFAtxgzcedk,losing you (Lyrics),Hinshi,ukn
https://youtu.be/ZQNGtO79L90,ZQNGtO79L90,Sleeping in Paris,WOXXY,ukn
https://youtu.be/9LOSmTc__ks,9LOSmTc__ks,ｌｏｆｉ ｎｏｓｔａｌｇｉａ,unknown,ukn
https://youtu.be/94nG1mBbeWk,94nG1mBbeWk,not for you,hntrn,ukn
https://youtu.be/lAfydOAUpGg,lAfydOAUpGg,final breath,sammudra.a,ukn
https://youtu.be/HppUvXB1OL4,HppUvXB1OL4,Oyasumi,Mofaz,ukn
https://youtu.be/Ljmn7BOvbYQ,Ljmn7BOvbYQ,and that was it...,unknown,ukn
https://youtu.be/Y2kVb-_GlLM,Y2kVb-_GlLM,moonlight,trent ivor.,ukn
https://youtu.be/uzP7EHVSNsQ,uzP7EHVSNsQ,lofi songs for relaxing days,unknown,ukn
https://youtu.be/3lCi2K1KwQQ,3lCi2K1KwQQ,a memory from long ago.,shane houghtaling,ukn
https://youtu.be/MNixXNsX6HE,MNixXNsX6HE,The Way You Make Me Feel ,unknown,ukn
https://youtu.be/8UykbMHXTMg,8UykbMHXTMg,Simply Satisfying #shorts,unknown,ukn
https://youtu.be/ot3XWrvOFm4,ot3XWrvOFm4,So Satisfying…,unknown,ukn
https://youtu.be/VKPqLknFYe0,VKPqLknFYe0,Squid,Eu93ne,ukn
https://youtu.be/tLTL49xCLIU,tLTL49xCLIU,pace,SKPTV,ukn
https://youtu.be/N7YVkRbnSlM,N7YVkRbnSlM,bad sex and cigarettes,96 Zeus,ukn
https://youtu.be/UhQs659lM38,UhQs659lM38,the end.,Hamiko,ukn
https://youtu.be/VxqDcqMEaPc,VxqDcqMEaPc,Blood Moon,nu.q,ukn
https://youtu.be/I2ARO9MLcyk,I2ARO9MLcyk,back when gravity was everywhere,unknown,ukn
https://youtu.be/GFTKAePS0X0,GFTKAePS0X0,𝘔𝘢𝘺𝘣𝘦 𝘪𝘵'𝘴 𝘛𝘪𝘮𝘦 𝘵𝘰 𝘓𝘦𝘢𝘷𝘦. ft. Martina,slmnMORE.mp3,ukn
https://youtu.be/HmCiO57C26E,HmCiO57C26E,qtsal- believe,unknown,ukn
https://youtu.be/kYkv5loIc4E,kYkv5loIc4E,ｇｏｔ ｍａｄ,90sFlav,ukn
https://youtu.be/Z8EXZeyutm8,Z8EXZeyutm8,a cure for the pain (prod. CapsCtrl),Martina Di Nardo,ukn
https://youtu.be/cWbdezlGuaE,cWbdezlGuaE,endless morning (ft. cursedearvy.jpeg),nilöwh.,ukn
https://youtu.be/aUuQgCJ94Bg,aUuQgCJ94Bg,Time Away,Aiirwave,ukn
https://youtu.be/SC8-uZoknOo,SC8-uZoknOo,𝐿𝓊𝓃𝒶𝓇𝒯𝑒𝒶𝓇𝓈 𝐼,RONINCLOUD,ukn
https://youtu.be/M0RH-mOWMeE,M0RH-mOWMeE,Narcissist,sxdtune & Re:,ukn
https://youtu.be/MfHjWSjCX6A,MfHjWSjCX6A,If I Only Knew How,Luca. x Sølace,ukn
https://youtu.be/g0gwQN5nsrs,g0gwQN5nsrs,This will make you hungry…,unknown,ukn
https://youtu.be/W2vVdCB7vOA,W2vVdCB7vOA,stain,jai rahzel,ukn
https://youtu.be/E4UibaGEnsc,E4UibaGEnsc,Subsistence,trxxshed & allove,ukn
https://youtu.be/KR_FnVUiy1A,KR_FnVUiy1A,Breathe In ,unknown,ukn
https://youtu.be/rVRzzbK7Gx8,rVRzzbK7Gx8,winterwood,mangoes,ukn
https://youtu.be/JvnZdpZkjCw,JvnZdpZkjCw,crash,mrmcchickino,ukn
https://youtu.be/_yrrxSWa29A,_yrrxSWa29A,Flight,Bobby Dreamz BIG & FRANZ,ukn
https://youtu.be/0JB2FDVrNNk,0JB2FDVrNNk,Cotton Candy (Nuxe Remix),JXN,ukn
https://youtu.be/q1nfvDA0Ea0,q1nfvDA0Ea0,Sweetgum,American Teleport,ukn
https://youtu.be/IZOcYOtBBAc,IZOcYOtBBAc,laugh track (ft. MOONSIGHT),hateful ,ukn
https://youtu.be/HVaNIameNxY,HVaNIameNxY,lonesome EP,aki_,ukn
https://youtu.be/euONKiTO3Ys,euONKiTO3Ys,Obsession,Rtn,ukn
https://youtu.be/CD8V70XGV3E,CD8V70XGV3E,Your Voice (feat. Dhan),Skinny Atlas x Zaini,ukn
https://youtu.be/6aMb9ilQeX4,6aMb9ilQeX4,moonlight loop,Setogiwa,ukn
https://youtu.be/-BCXkuLoVj4,-BCXkuLoVj4,Lonely Nights,DonLear,ukn
https://youtu.be/T-lY21gae6s,T-lY21gae6s,004,unknown,ukn
https://youtu.be/usz9JT9PA94,usz9JT9PA94,Wandering,endly & Achex,ukn
https://youtu.be/zQ5riEYyE6M,zQ5riEYyE6M,Sunset,blackhetsu,ukn
https://youtu.be/KFng5R3ZWyA,KFng5R3ZWyA,lofi hip hop for slow days,unknown,ukn
https://youtu.be/hDozd7dxmuM,hDozd7dxmuM,Loft,waseem,ukn
https://youtu.be/gsnfh1QFk7I,gsnfh1QFk7I,faded,𝕜𝕣𝕪𝕥𝕞,ukn
https://youtu.be/EuFUckLfJqo,EuFUckLfJqo,Tell Me A Story  Composed and Produced by Yoann Garel,unknown,ukn
https://youtu.be/qFuedvQAOBg,qFuedvQAOBg,Seeing The World,Bassti,ukn
https://youtu.be/wcPTprd1H1A,wcPTprd1H1A,darkness,Brodd,ukn
https://youtu.be/jZsYuV8rsq4,jZsYuV8rsq4,Time Waits for No One,greenface x sftspkn,ukn
https://youtu.be/7ckZsmdrhrk,7ckZsmdrhrk,smile from u,jinsang,ukn
https://youtu.be/GbKyn1pQT9A,GbKyn1pQT9A,bad4me,Rnla & Julia Alexa,ukn
https://youtu.be/IYQRwIBazac,IYQRwIBazac,insecurities (feat. Adam Youngman),Delta Mvsic,ukn
https://youtu.be/AjmO1ilwT4s,AjmO1ilwT4s,she's out there somewhere...,unknown,ukn
https://youtu.be/GVhvURrCWn0,GVhvURrCWn0,How I Feel ,unknown,ukn
https://youtu.be/hwhW5b-R6d0,hwhW5b-R6d0,kimochi,Mood Beats,ukn
https://youtu.be/oV0L7TIsYPw,oV0L7TIsYPw,embre [FULL TAPE],Mura Kami  村神,ukn
https://youtu.be/LBecYzSh7Q0,LBecYzSh7Q0,Sippin' Soda,DUCAT,ukn
https://youtu.be/hFrwjQC1uD4,hFrwjQC1uD4,ysumh,Moon-a x Mon Hello,ukn
https://youtu.be/IN6aJiJJ0Vs,IN6aJiJJ0Vs,depersonalization,AURAGRAPH,ukn
https://youtu.be/gvfQxsOQFFo,gvfQxsOQFFo,lofi songs for chill days,unknown,ukn
https://youtu.be/wKyeYU0AAj8,wKyeYU0AAj8,Going Asleep (feat. K-Snow),enjyng,ukn
https://youtu.be/ZucSfj-tx1U,ZucSfj-tx1U,Between Worlds,Cloophie,ukn
https://youtu.be/79pdXe6-W8M,79pdXe6-W8M,Floating,Martina Di Nardo,ukn
https://youtu.be/3pPUrsBys-Y,3pPUrsBys-Y,Moonlight (Lyrics),wlue sky & yaeow,ukn
https://youtu.be/dfe6ERr-_L0,dfe6ERr-_L0,I don't wanna trust you anymore,KMays,ukn
https://youtu.be/uQ3ioPp4LbY,uQ3ioPp4LbY,Some Changes,StrangeKioH ,ukn
https://youtu.be/gMNegO2bZjE,gMNegO2bZjE,Zero,Z160,ukn
https://youtu.be/gbsKBNNbt8E,gbsKBNNbt8E,Black Pepper,Iam6teen,ukn
https://youtu.be/0ubuaIHEdm8,0ubuaIHEdm8,Drive,𝘪 𝘯 𝘴 𝘱 𝘪 𝘳 𝘢 𝘵,ukn
https://youtu.be/v8vrWSRgm4A,v8vrWSRgm4A,With You (ft. Fallen Oceans),Wander All Winter & Annamarie Rosanio,ukn
https://youtu.be/1QVr1Vkm3HI,1QVr1Vkm3HI,feeling lost tonight,aidan.,ukn
https://youtu.be/ojW9K-1Z3vg,ojW9K-1Z3vg,Sonic Mixage (Extended),ｂｏｄｙｌｉｎｅ,ukn
https://youtu.be/nPuU6OeYf8M,nPuU6OeYf8M,soulful jazz,Howtodie,ukn
https://youtu.be/VTOgUcOx1sE,VTOgUcOx1sE,RAINING IN ＴＯＲＯＮＴＯ,unknown,ukn
https://youtu.be/YJT8Ho5fx2A,YJT8Ho5fx2A,about last night,YJKL,ukn
https://youtu.be/D_wKIYiaFQM,D_wKIYiaFQM,homealoneblue,kudasai,ukn
https://youtu.be/deWngNdsw6E,deWngNdsw6E,The Thought of Us ,unknown,ukn
https://youtu.be/0WeR66J1VL8,0WeR66J1VL8,Playground For Ghosts,Foley,ukn
https://youtu.be/2Mi7-DjZ6_U,2Mi7-DjZ6_U,rainy & chill beats 🌧️,lofi hip hop radio,ukn
https://youtu.be/5rcv6sAHcM0,5rcv6sAHcM0,Living ≠ Surviving,Charlee Nguyen,ukn
https://youtu.be/whzVGwNssyI,whzVGwNssyI,Cloud,waseem,ukn
https://youtu.be/D87vTfjlKeA,D87vTfjlKeA,dried eyes,aidan,ukn
https://youtu.be/sjwKoeCM3kU,sjwKoeCM3kU,Alienated,Sleep.ing & Powfu,ukn
https://youtu.be/MXxN_SGN-Jg,MXxN_SGN-Jg,Bonsai,Tranquil Teddy,ukn
https://youtu.be/TWKVz5e74Lo,TWKVz5e74Lo,let it die,mrmcchickno ,ukn
https://youtu.be/cadl5mTgjzU,cadl5mTgjzU,Weeping Willow,American Teleport,ukn
https://youtu.be/EOEkGGtwzlo,EOEkGGtwzlo,waking up with you,hntrn x kowkaine,ukn
https://youtu.be/lKxXNSVygdY,lKxXNSVygdY,do you like me when you're high,vict molina & Skinny Atlas,ukn
https://youtu.be/dvIiSfQKIEE,dvIiSfQKIEE,bambu,lov lofi,ukn
https://youtu.be/iD-NDdlLujc,iD-NDdlLujc,Shooting Stars,Resident,ukn
https://youtu.be/mxenY2gps4w,mxenY2gps4w,Labyrinth,greenface,ukn
